,Max. Freq. (Hz),Rheobase idx,Rheobase (pA),Slow AHP (mV),I at Max. Freq. (pA),Adaptation ratio,Avg Spike Time (s),Sag Amplitude (mV),Input R (MOhm),Capacitance (pF),Resting (mV),RS AHP Amp. (mV),RS Max. Slope (mV/ms),RS Min. Slope (mV/ms),RS Peak (mV),RS Half Width (ms),RS Threshold (mV),LS AHP Amp. (mV),LS Max. Slope (mV/ms),LS Min. Slope (mV/ms),LS Peak (mV),LS Half Width (ms),LS Threshold (mV)
D03,56.0,4.0,80.0,1.263916015625,360.0,1.5442073170731903,0.47322214285714237,-11.68316650390625,249.6342318382243,125.56032516610546,-61.0,-16.17431640625,2258.3006134033203,-1045.227066040039,14.212400436401367,0.6399999999994179,-57.503902435302734,-7.629392623901367,511.1694145202637,-305.1757621765137,-2.8774423599243164,1.3399999999965075,-34.310546875
D04,10.0,5.0,100.0,3.3675575256347656,580.0,34.787965616045916,0.20822999999999992,-1.2175827026367188,224.66079166788188,121.06693243208996,-85.0,-5.798336029052734,2258.3006744384766,-579.8339462280273,25.809078216552734,1.0800000000017462,-52.31591796875,-0.30517578125,442.5048522949219,-267.0288133621216,12.076169967651367,1.7799999999988358,-26.3759765625
D05,5.0,9.0,180.0,0.57257080078125,580.0,2.3478260869565153,0.03102399999999994,-1.66259765625,131.35864196011232,259.3355466425209,-88.0,-1.220703125,2899.169921875,-694.2748565673828,35.574703216552734,1.0800000000017462,-56.893550872802734,-0.6103515625,1152.038558959961,-328.06392097473145,12.991697311401367,1.7000000000116415,-52.0107421875
D06,75.0,1.0,20.0,-6.232170104980469,520.0,1.2548638132295498,0.48714186666666626,-12.132987976074219,214.22594859860826,131.59522065886915,-68.0,-19.83642578125,2494.8118286132812,-1419.0673370361328,16.65380859375,0.5599999999985812,-58.419429779052734,-9.155269622802734,1113.8915786743164,-534.0575981140137,-2.8774423599243164,0.8799999999755528,-51.09521484375
D07,74.0,3.0,60.0,-3.5308876037597656,520.0,1.1247637051039472,0.49561027027027027,-11.42816162109375,193.94566812513125,88.06602123895193,-70.0,-20.141605377197266,3425.5980072021484,-1831.0546264648438,28.250484466552734,0.47999999999956344,-60.555660247802734,-11.901851654052734,1838.6840515136719,-900.2685394287109,8.719236373901367,0.6600000000034925,-53.2314453125
D08,24.0,5.0,100.0,2.182079315185547,180.0,1.7548106765983797,0.4688716666666668,-8.6763916015625,122.52736480175031,188.7843595789486,-59.0,-14.34326171875,2830.5052490234375,-1083.3740844726562,30.081539154052734,0.7000000000043656,-57.198726654052734,-14.343257904052734,1953.1248779296875,-740.0512084960938,20.92626953125,0.8400000000037835,-51.70556640625
D09,36.0,1.0,20.0,-3.4581222534179688,140.0,2.0427046263345625,0.3741205555555558,-12.64031982421875,243.52568184200635,32.59174656241831,-61.0,-13.73291015625,2632.1410217285156,-1731.8725891113281,30.997066497802734,0.5799999999999272,-59.640132904052734,-12.512203216552734,679.0160751342773,-640.869068145752,1.39501953125,1.2400000000052387,-51.09521484375
D10,81.0,4.0,80.0,-2.5294265747070312,460.0,1.1170731707317185,0.46964098765432105,-8.943351745605469,174.8457981971935,101.47541877657666,-67.0,-26.2451171875,2563.4763946533203,-1426.6967315673828,16.958984375,0.5199999999967986,-54.4521484375,-21.972652435302734,1335.143943786621,-930.7860565185547,2.310546875,0.7600000000093132,-48.65380859375
D11,79.0,8.0,160.0,-6.44134521484375,520.0,1.5875000000000181,0.4623908860759496,-9.944091796875,88.22840640220508,162.80695282326025,-61.0,-11.29150390625,3120.4222869873047,-1617.4316101074219,13.296873092651367,0.47999999999592546,-64.828125,-8.239742279052734,1327.5145645141602,-640.8690719604492,-5.624024391174316,0.7400000000197906,-53.841796875
D12,106.0,2.0,40.0,-2.9078369140625,300.0,0.9813278008298455,0.49529226415094296,-26.63988494873047,267.84218846616056,68.90115706852986,-63.0,-21.057125091552734,2357.4827575683594,-1480.1024932861328,18.7900390625,0.5399999999990541,-55.97802734375,-10.375972747802734,976.5624847412109,-564.5751571655273,-2.5722665786743164,0.9799999999959255,-52.0107421875
D13,7.0,5.0,100.0,8.48675537109375,440.0,5.97350069734999,0.3320114285714286,-2.5297164916992188,199.2856434454132,108.09094175801218,-86.0,-9.155269622802734,2822.875946044922,-724.7924842834473,35.879878997802734,0.9800000000032014,-48.958984375,-4.8828125,1289.3675994873047,-419.6167964935303,23.0625,1.320000000006985,-38.88818359375
D14,62.0,4.0,80.0,2.17559814453125,300.0,1.5557491289198575,0.46989096774193584,-14.0716552734375,247.62303715496336,116.52227324455814,-62.0,-11.29150390625,3128.051712036133,-1747.1313171386719,25.503902435302734,0.47999999999956344,-61.776363372802734,-13.732912063598633,1296.9970626831055,-686.6455039978027,6.888181686401367,0.7200000000011642,-41.93994140625
D15,81.0,1.0,20.0,0.01190948486328125,540.0,1.6231527093596485,0.46963333333333335,-15.069877624511719,336.15281241135887,99.96739501777252,-58.0,-18.00537109375,2906.7992248535156,-1502.9906463623047,24.588375091552734,0.5399999999990541,-57.503902435302734,-7.324216842651367,885.0097274780273,-427.24607849121094,10.550291061401367,1.040000000008149,-33.7001953125
D16,134.0,2.0,40.0,-5.602775573730469,460.0,3.089743589743608,0.45753716417910484,-21.78319549560547,196.32791229997525,35.940500023338785,-67.0,-6.40869140625,3921.508590698242,-1731.8724060058594,34.354000091552734,0.5400000000008731,-63.912593841552734,-19.531246185302734,1777.648941040039,-602.7221755981445,8.414060592651367,0.8600000000005821,-51.70556640625
D17,126.0,1.0,20.0,1.24139404296875,580.0,2.2500000000002363,0.46191888888888855,-11.41986083984375,280.7153906661593,55.76983186987752,-69.0,-7.62939453125,3646.850540161133,-1869.2015838623047,34.048824310302734,0.5,-60.860836029052734,-3.96728515625,961.3036651611328,-457.76367378234863,5.972654342651367,1.0200000000186265,-43.4658203125
D20,126.0,1.0,20.0,-5.643257141113281,380.0,2.3942857142856013,0.47814222222222247,-22.13970947265625,355.24565593096656,29.204851820098774,-68.0,-9.765625,2838.1346435546875,-1312.2557907104492,26.419429779052734,0.6399999999994179,-59.945308685302734,-0.6103515625,701.9043006896973,-350.9521770477295,-4.403321266174316,1.5199999999895226,-54.14697265625
D21,135.0,3.0,60.0,1.6518020629882812,480.0,1.2730263157895154,0.49972266666666654,-8.52197265625,90.21991420996167,157.31673740725842,-61.0,-15.2587890625,3517.150588989258,-2174.377456665039,30.691890716552734,0.42000000000189175,-62.386714935302734,-9.460445404052734,953.6742706298828,-587.4633369445801,-5.013672828674316,0.8999999999941792,-54.14697265625
D22,167.0,2.0,40.0,-3.73687744140625,540.0,1.9161676646706443,0.4893322155688624,-11.27825927734375,270.8966935867606,30.242488389902405,-77.0,-12.51220703125,4287.719528198242,-2632.1409301757812,36.795406341552734,0.38000000000101863,-64.828125,-24.414058685302734,1106.2621612548828,-999.4505996704102,-4.708497047424316,0.8199999999778811,-52.31591796875
D23,119.0,2.0,40.0,-1.1149330139160156,440.0,2.7883597883599234,0.4781515966386549,-15.279655456542969,205.05799400705263,48.40825812082946,-66.0,-7.01904296875,3570.5564575195312,-1655.5785522460938,35.269527435302734,0.5399999999990541,-59.334957122802734,-12.817378997802734,679.0160675048828,-541.6869812011719,-0.7412118911743164,1.2599999999947613,-48.04345703125
D24,14.0,3.0,60.0,1.98828125,580.0,12.539999999999786,0.33665285714285753,-2.70550537109375,99.49187914333967,273.2200494214797,-56.0,-6.103511810302734,4127.502281188965,-1731.87255859375,32.217769622802734,0.41999999999825377,-55.36767578125,-7.01904296875,2708.4348907470703,-1373.290885925293,30.691890716552734,0.4400000000023283,-37.66748046875
D25,105.0,2.0,40.0,0.35693359375,520.0,0.008620689655165263,0.4722540952380956,-9.3350830078125,227.99566604286494,86.25896319438404,-62.0,-18.9208984375,3509.5213775634766,-1899.719253540039,30.081539154052734,0.4400000000023283,-57.809078216552734,-6.40869140625,633.2397346496582,-305.1757593154907,-5.929200172424316,1.1999999999825377,-39.8037109375
D26,109.0,5.0,100.0,-1.52520751953125,560.0,1.3604336043360608,0.4931713761467882,-5.454154968261719,53.221144823520696,197.98258526792102,-59.0,-16.78466796875,1762.3900146484375,-1167.2972946166992,-2.8774423599243164,0.5599999999976717,-58.419429779052734,-20.446773529052734,1228.3324890136719,-892.6390914916992,-3.7929697036743164,0.5799999999580905,-48.3486328125
D27,94.0,2.0,40.0,-0.6512413024902344,320.0,1.2550505050505523,0.49641872340425497,-11.498779296875,321.320479132474,94.93075304982824,-62.0,-21.362300872802734,2487.1824645996094,-1426.6966857910156,19.09521484375,0.5200000000004366,-52.92626953125,-7.629390716552734,1106.2621688842773,-572.2045555114746,-0.7412118911743164,0.8600000000005821,-50.1796875
D28,102.0,2.0,40.0,-1.7341957092285156,480.0,3.1055555555555054,0.46477901960784296,-18.0579833984375,131.6317284838533,47.84003901764887,-66.0,-9.46044921875,4035.9495391845703,-1762.390151977539,32.522945404052734,0.48000000000138243,-62.081539154052734,-3.662109375,2433.7767181396484,-717.1630401611328,21.2314453125,0.8399999999965075,-51.70556640625
D29,161.0,1.0,20.0,0.7168655395507812,360.0,1.352941176470482,0.5039362732919255,-4.880485534667969,387.6528354058803,64.3001051897307,-58.0,-18.615726470947266,3059.3870697021484,-2395.6298217773438,29.471187591552734,0.4399999999995998,-61.471187591552734,-18.310546875,1014.7094497680664,-1152.038475036621,1.7001953125,0.8399999999965075,-58.724605560302734
D31,130.0,3.0,60.0,-1.6072998046875,380.0,1.290322580645212,0.49038584615384595,-15.29443359375,319.347790307876,65.44699628141427,-63.0,-14.0380859375,2929.6873931884766,-2006.530746459961,14.212400436401367,0.42000000000189175,-61.776363372802734,-12.512203216552734,1945.4955596923828,-1335.1439743041992,8.108884811401367,0.5200000000040745,-52.92626953125
D32,25.0,4.0,80.0,9.735115051269531,560.0,4.812307692307691,0.4010536,-3.03033447265625,158.40968391928467,197.2965697661968,-85.0,0.0,3372.1923065185547,-801.0863342285156,40.457515716552734,1.0,-59.334957122802734,-0.30517578125,549.3163642883301,-274.65825271606445,10.550291061401367,2.179999999993015,-46.82275390625
D33,4.0,4.0,80.0,0.9276046752929688,520.0,2.174515235457033,0.016080000000000094,-1.1257858276367188,185.7570734873264,83.98778526708293,-73.0,-7.9345703125,2769.4701080322266,-831.6039581298828,31.912593841552734,0.9799999999959255,-61.471187591552734,-10.375978469848633,419.6166801452637,-381.4697322845459,-1.9619150161743164,1.679999999993015,-43.77099609375
D34,56.0,5.0,100.0,-4.151802062988281,560.0,5.7183098591550605,0.44486107142857145,-18.4801025390625,161.67926054551575,50.74433331155018,-69.0,-8.85009765625,3257.751495361328,-1342.7734756469727,26.114253997802734,0.5600000000013097,-57.809078216552734,-6.103514671325684,1724.2430114746094,-579.8339195251465,42.288570404052734,1.0,-19.96728515625
D35,4.0,4.0,80.0,-4.913822174072266,220.0,1.6704761904762295,0.022210000000000285,-23.07794189453125,193.23568282929233,66.21500228506075,-62.0,-14.6484375,2151.4891510009766,-1106.26220703125,8.719236373901367,0.680000000003929,-61.471187591552734,-13.732906341552734,1304.6263809204102,-671.3867378234863,-1.9619150161743164,0.8599999999933061,-53.2314453125
D36,5.0,15.0,300.0,8.345024108886719,580.0,36.71910112359618,0.19733199999999984,-2.009033203125,183.50628462001788,128.05294512010514,-89.0,-8.544923782348633,2265.930160522461,-740.0511741638184,39.541988372802734,0.9799999999959255,-41.634765625,-7.324218273162842,1243.5912246704102,-549.3163146972656,49.00244140625,1.1199999999953434,-15.3896484375
D37,111.0,2.0,40.0,-6.724678039550781,260.0,2.167539267015635,0.5095763963963962,-15.04046630859375,238.06734402808237,124.49670043630877,-64.0,-14.95361328125,3067.0164947509766,-2479.5531005859375,24.588375091552734,0.3600000000005821,-58.114253997802734,-20.141597747802734,2433.7767791748047,-2006.5307312011719,20.62109375,0.41999999999825377,-51.09521484375
D38,140.0,2.0,40.0,-4.130138397216797,380.0,1.7835051546391363,0.5095392857142858,-24.94225311279297,297.08136149661823,18.313834370370195,-65.0,-21.05712890625,3135.6810913085938,-2273.5594787597656,24.588375091552734,0.3999999999996362,-57.809078216552734,-11.291500091552734,923.1567001342773,-694.274845123291,-2.8774423599243164,0.8600000000005821,-50.1796875
D39,104.0,4.0,80.0,-5.379585266113281,580.0,1.2691218130311608,0.5107426923076925,-21.31121063232422,208.26912157290633,67.58967787160427,-63.0,-17.08984375,3974.9143981933594,-2365.1122283935547,32.828121185302734,0.38000000000101863,-61.471187591552734,-11.901851654052734,2151.4891967773438,-1129.1502990722656,14.822751998901367,0.5599999999976717,-49.26416015625
D40,164.0,3.0,60.0,-3.34375,580.0,2.626760563380332,0.45708475609756105,-10.47344970703125,179.32777025454325,79.8701925329983,-64.0,-14.0380859375,3295.8982849121094,-2822.8758850097656,28.250484466552734,0.31999999999970896,-56.588375091552734,-10.986324310302734,2441.4061889648438,-2006.5306854248047,20.0107421875,0.39999999999417923,-53.53662109375
D41,63.0,6.0,120.0,-4.071533203125,520.0,4.759999999999819,0.4411234920634919,-2.2662353515625,136.90322807668676,105.74436286170071,-55.0,-3.662109375,2586.364547729492,-1197.8148803710938,20.31591796875,0.6399999999994179,-62.081539154052734,-0.30517578125,534.0575981140137,-236.51123237609863,-1.3515634536743164,1.7200000000011642,-43.16064453125
D42,106.0,1.0,20.0,0.06243896484375,480.0,2.940298507462843,0.4705237735849055,-13.01611328125,413.892234507055,55.332812147335254,-67.0,-8.544921875,2723.6936645507812,-1258.8500900268555,24.588375091552734,0.6199999999989814,-57.809078216552734,0.0,259.3994016647339,-114.44091653823853,-5.013672828674316,2.039999999993597,-26.3759765625
D43,95.0,4.0,80.0,-1.35638427734375,400.0,1.762987012986972,0.4769964210526316,-21.34471893310547,208.33802829916536,45.110574293293354,-66.0,-13.427734375,2716.0642700195312,-1716.6136779785156,15.433103561401367,0.47999999999956344,-60.250484466552734,-10.375978469848633,1037.597640991211,-633.2397537231445,3.83642578125,0.8000000000029104,-41.32958984375
D44,254.0,4.0,80.0,-0.85052490234375,580.0,0.7686274509803614,0.5076987401574802,-11.713676452636719,168.28066285492116,74.61778586327195,-62.0,-21.972652435302734,3059.3871154785156,-2548.217544555664,20.92626953125,0.33999999999650754,-53.841796875,-11.5966796875,2220.1537017822266,-1708.984375,11.770994186401367,0.4399999999732245,-60.250484466552734
D46,6.0,12.0,240.0,11.973262786865234,540.0,10.612989801395647,0.34652666666666665,-2.9400634765625,129.72435459756304,177.46298530958202,-87.0,-8.850093841552734,2952.575469970703,-953.6742401123047,41.067867279052734,0.819999999999709,-51.400390625,-10.986330032348633,1708.9843292236328,-816.3452224731445,27.640132904052734,0.8999999999941792,-44.076171875
D47,4.0,17.0,340.0,-0.6907386779785156,580.0,20.361796331435666,0.21617499999999978,-2.75958251953125,155.9243934795444,224.8663347911358,-89.0,-10.681148529052734,2716.0643768310547,-862.1216430664062,32.522945404052734,0.8800000000046566,-52.31591796875,-9.460451126098633,1007.0800399780273,-503.54002380371094,18.7900390625,1.1600000000034925,-39.193359375
D48,78.0,3.0,60.0,-5.369083404541016,260.0,1.100952380952366,0.507224102564102,-11.6328125,356.3700921180853,67.15095828743958,-61.0,-16.17431640625,3532.4095611572266,-2677.917449951172,28.860836029052734,0.3600000000005821,-61.166011810302734,-13.732906341552734,2258.3006591796875,-1541.1376037597656,17.5693359375,0.47999999999592546,-53.2314453125
D49,10.0,7.0,140.0,7.060924530029297,560.0,13.627586206897009,0.26619400000000004,-3.0726394653320312,186.83308646567647,103.55820672947846,-83.0,-1.8310508728027344,2868.6522521972656,-862.1214904785156,37.100582122802734,0.9200000000055297,-55.6728515625,-3.9672861099243164,717.1630401611328,-373.84026527404785,20.92626953125,1.4199999999837019,-31.2587890625
D50,72.0,1.0,20.0,0.91455078125,300.0,1.5487288135592878,0.48444833333333337,-19.097412109375,442.3582839953658,55.71724308033829,-65.0,-18.005367279052734,2929.6873779296875,-1403.8085174560547,23.6728515625,0.5599999999985812,-55.36767578125,-4.272462844848633,938.4154815673828,-350.95212745666504,-0.7412118911743164,1.139999999984866,-45.296875
D51,57.0,5.0,100.0,1.6093177795410156,280.0,1.0726643598615815,0.4805852631578946,-10.93121337890625,105.51315625330128,165.81616595156413,-60.0,-17.08984375,3028.869583129883,-1258.8500137329102,23.97802734375,0.5599999999976717,-58.724605560302734,-10.375972747802734,2510.0706787109375,-999.4506072998047,18.48486328125,0.6200000000098953,-54.4521484375
D52,93.0,2.0,40.0,1.0749473571777344,460.0,1.9803278688524757,0.49731010752688176,-24.92816162109375,283.63061649077434,40.038502424871155,-63.0,-17.089839935302734,2510.070587158203,-1182.5561447143555,16.958984375,0.5799999999999272,-54.4521484375,-1.220703363418579,244.1405792236328,-198.3642463684082,4.446775436401367,1.7599999999947613,-19.35693359375
D53,4.0,14.0,280.0,5.2391357421875,520.0,66.55021834061202,0.25646499999999994,-2.13897705078125,84.03026962611237,206.10932717580113,-83.0,-5.18798828125,3097.5341033935547,-938.4155807495117,34.964351654052734,0.8000000000029104,-58.419429779052734,-7.629396438598633,1296.9969940185547,-602.7221298217773,18.7900390625,1.0399999999790452,-46.82275390625
D54,146.0,6.0,120.0,-0.71826171875,580.0,0.7775061124693997,0.5084946575342459,-8.0853271484375,131.99508526556613,154.1278318871421,-56.0,-21.362300872802734,3143.310531616211,-1976.013198852539,27.334957122802734,0.39999999999054126,-55.36767578125,-7.62939453125,1335.143943786621,-808.7157974243164,2.310546875,0.7400000000197906,-56.893550872802734
D55,3.0,15.0,300.0,6.38665771484375,460.0,18.238980716253327,0.20721333333333325,-1.826416015625,106.21504851554985,199.28942422285525,-82.0,-11.901853561401367,2136.2303924560547,-770.5688018798828,27.640132904052734,0.8399999999965075,-46.517578125,-9.46044921875,556.9457588195801,-366.2109069824219,5.057126998901367,1.2799999999988358,-37.97265625
D56,79.0,3.0,60.0,-10.370800018310547,580.0,6.154320987654514,0.42355848101265847,-22.196273803710938,149.788088188457,50.64728399434355,-65.0,-12.51220703125,3768.9207916259766,-2128.6010131835938,31.302242279052734,0.4000000000014552,-59.334957122802734,-25.329586029052734,2830.5052947998047,-1304.6265029907227,30.691890716552734,0.6000000000058208,-48.65380859375
D57,2.0,20.0,400.0,1.5467491149902344,580.0,1.0,0.44765999999999995,-3.90484619140625,91.099765507907,315.88788706819787,-85.0,-14.648433685302734,2487.1825256347656,-1037.5977172851562,32.522945404052734,0.7199999999866122,-48.958984375,-14.343259811401367,1388.5497283935547,-762.9394073486328,19.400390625,0.8399999999965075,-44.076171875
D58,135.0,5.0,100.0,-0.6937332153320312,540.0,2.7158469945354775,0.4416834074074072,-9.89898681640625,96.68267500830896,161.65657563114004,-71.0,-10.68115234375,3822.326431274414,-2304.0770416259766,34.964351654052734,0.3999999999978172,-57.503902435302734,-9.765623092651367,1411.437973022461,-755.3100204467773,7.498533248901367,0.6999999999825377,-47.1279296875
D59,3.0,13.0,260.0,-4.470409393310547,480.0,1.399548532731324,0.012580000000000258,-19.16680908203125,106.2226652710493,67.42511437855686,-68.0,-23.803709030151367,2357.4828186035156,-1892.0897674560547,19.70556640625,0.4200000000128057,-45.60205078125,-21.057126998901367,1991.2719116210938,-1655.5785369873047,22.14697265625,0.4400000000023283,-39.193359375
D60,53.0,12.0,240.0,-1.7274818420410156,460.0,1.3266398929049192,0.48212566037735893,-14.890800476074219,126.0785142648937,149.88521002516163,-58.0,-19.531246185302734,2761.8406829833984,-1342.7733764648438,20.62109375,0.5199999999967986,-54.14697265625,-12.512208938598633,1243.5912399291992,-579.8339805603027,5.667478561401367,0.8399999999965075,-43.4658203125
D61,65.0,8.0,160.0,-3.51251220703125,520.0,1.794871794871804,0.5923713846153849,-15.75750732421875,76.96902393028833,86.44584725640742,-68.0,-17.395015716552734,2647.3998260498047,-2204.8949127197266,18.48486328125,0.3599999999933061,-50.48486328125,-23.193357467651367,1785.2782135009766,-1594.5433654785156,15.127927780151367,0.4400000000023283,-43.4658203125
D62,104.0,3.0,60.0,-4.738346099853516,380.0,4.13725490196081,0.4544751923076924,-22.07574462890625,207.76004473195496,26.576876531147207,-62.0,-8.544921875,2342.224075317383,-1327.514549255371,6.583005905151367,0.5399999999972351,-61.776363372802734,-35.70556640625,1220.7030410766602,-808.7157897949219,12.686521530151367,0.6000000000058208,-38.88818359375
D63,62.0,8.0,160.0,-2.6099929809570312,320.0,0.9302030456853,0.4948835483870968,-14.222900390625,215.91101972453805,97.50766694006641,-63.0,-18.9208984375,3105.163543701172,-1808.1664733886719,24.283199310302734,0.4599999999918509,-59.029781341552734,-11.901851654052734,2326.9652099609375,-1243.5912246704102,19.09521484375,0.5600000000122236,-52.31591796875
D64,20.0,10.0,200.0,-4.560127258300781,560.0,1.7675276752767037,0.6175329999999999,-18.41246795654297,85.65521513451313,94.63936105457547,-65.0,-12.8173828125,3723.144485473633,-2990.7225494384766,26.724605560302734,0.2999999999956344,-60.555660247802734,-16.784664154052734,2273.5594787597656,-1960.7543640136719,11.465818405151367,0.39999999999417923,-52.31591796875
D65,4.0,11.0,220.0,8.139530181884766,420.0,16.79752367079385,0.30656000000000017,-2.45257568359375,171.3062736967702,128.35443414492053,-84.0,-4.882808685302734,2754.2113189697266,-877.3802947998047,33.133296966552734,0.819999999999709,-53.53662109375,-9.765623092651367,862.1215209960938,-488.2812080383301,16.04345703125,1.0800000000017462,-35.22607421875
D66,80.0,2.0,40.0,-0.5313682556152344,220.0,0.8776119402985328,0.5009040000000002,-13.417366027832031,417.93390273920903,54.38307074578223,-64.0,-21.667484283447266,3059.3870544433594,-2059.936477661133,22.14697265625,0.42000000000007276,-60.860836029052734,-12.817378997802734,2304.0770416259766,-1365.6615371704102,15.738279342651367,0.5400000000008731,-55.97802734375
D67,100.0,4.0,80.0,-2.4184608459472656,460.0,1.1774891774891842,0.47579519999999986,-10.345954895019531,335.8449935898599,64.73655122687299,-61.0,-25.634763717651367,1884.4604110717773,-1296.9969863891602,9.024412155151367,0.47999999999956344,-46.21240234375,-10.070799827575684,785.8276557922363,-534.0575714111328,6.583005905151367,0.7999999999883585,-29.73291015625
D68,75.0,11.0,220.0,-5.227916717529297,580.0,1.663390663390642,0.4926245333333332,-19.40074920654297,98.39928108152496,85.83974065108525,-66.0,-19.531246185302734,2395.6297454833984,-1609.8021697998047,14.517576217651367,0.4000000000014552,-48.3486328125,-10.986330032348633,1640.3197021484375,-1014.7094421386719,12.991697311401367,0.5800000000162981,-40.10888671875
D69,88.0,2.0,40.0,-1.3251457214355469,240.0,0.9055999999999869,0.49544977272727264,-9.534423828125,444.48297500489184,59.36093259304675,-59.0,-21.667476654052734,2258.3006286621094,-1411.4379196166992,7.498533248901367,0.4399999999986903,-53.2314453125,-9.765621185302734,1907.348648071289,-1075.7446212768555,9.939939498901367,0.5400000000008731,-48.04345703125
D70,89.0,3.0,60.0,-3.13397216796875,300.0,1.1237911025145042,0.49015348314606744,-18.65966796875,373.37329863725535,37.337421249229,-63.0,-20.751949310302734,2464.294219970703,-1464.84375,15.433103561401367,0.5,-55.6728515625,-8.850099563598633,1220.7031021118164,-663.7573013305664,9.634763717651367,0.8399999999965075,-42.85546875
D71,79.0,2.0,40.0,-0.24676513671875,520.0,1.1423423423423562,0.4942392405063294,-12.54693603515625,203.4845814543026,99.20094729620831,-55.0,-19.22607421875,3181.4574584960938,-1609.8022155761719,23.97802734375,0.47999999999956344,-57.503902435302734,-18.615720748901367,1792.9076080322266,-1022.3387985229492,10.245115280151367,0.6199999999953434,-46.82275390625
D73,7.0,9.0,180.0,4.840705871582031,560.0,28.99493670885983,0.23239142857142836,-1.68060302734375,110.39578573850306,199.8062780912324,-87.0,-3.35693359375,2670.288070678711,-831.6040115356445,33.438472747802734,0.9399999999950523,-58.114253997802734,-4.577632904052734,1121.5209884643555,-495.91062927246094,11.160642623901367,1.2600000000093132,-53.2314453125
D74,14.0,8.0,160.0,6.863822937011719,560.0,14.080838323352756,0.391968571428571,-1.54693603515625,209.80305671519494,106.72591877861478,-80.0,-4.57763671875,2502.4413452148438,-701.9043884277344,34.048824310302734,1.0400000000008731,-51.09521484375,-11.596678733825684,495.91062927246094,-656.1278820037842,16.3486328125,1.2399999999906868,-30.34326171875
D75,64.0,4.0,80.0,-2.2730064392089844,220.0,1.1272727272727212,0.5058059374999999,-15.44500732421875,213.68779455801237,112.82009937319388,-65.0,-17.39501953125,3250.122055053711,-2037.0482177734375,24.893550872802734,0.4399999999986903,-59.334957122802734,-13.73291015625,2517.7000122070312,-1586.9139862060547,18.1796875,0.5,-57.198726654052734
D76,134.0,10.0,200.0,-7.475406646728516,580.0,0.9198966408268658,0.5021553731343285,-12.762939453125,130.87232180814502,87.70719298184636,-62.0,-18.005367279052734,2876.2816162109375,-2548.217575073242,17.87451171875,0.31999999999970896,-54.4521484375,-21.972654342651367,1533.5082397460938,-1319.8852005004883,5.972654342651367,0.4800000000104774,-47.73828125
D77,63.0,4.0,80.0,-1.8100624084472656,440.0,1.34003091190108,0.48389746031745995,-12.94091796875,179.14716547940787,115.12833632680618,-64.0,-18.920894622802734,2456.6648864746094,-1335.1439743041992,19.09521484375,0.5600000000013097,-55.36767578125,-12.207029342651367,1739.5018463134766,-808.7157897949219,14.517576217651367,0.7199999999866122,-44.6865234375
D78,52.0,2.0,40.0,-4.807807922363281,180.0,1.8690807799442972,0.5828738461538463,-14.394706726074219,276.89400400276475,68.47102994219834,-64.0,-15.869140625,2853.3934173583984,-1960.7543182373047,18.48486328125,0.42000000000007276,-59.334957122802734,-15.563961029052734,2235.4125061035156,-1487.7318725585938,13.296873092651367,0.5,-54.75732421875
D79,85.0,3.0,60.0,0.028995513916015625,300.0,1.4170124481328092,0.46899788235294126,-12.6353759765625,416.64144515863967,47.37362901506855,-60.0,-19.531246185302734,2235.412399291992,-1190.185531616211,15.127927780151367,0.5799999999981083,-52.31591796875,-10.375978469848633,846.8627891540527,-488.2812385559082,-1.0463876724243164,0.9600000000064028,-41.32958984375
D80,69.0,3.0,60.0,-3.4809036254882812,340.0,1.063860667634219,0.47588840579710157,-19.21764373779297,137.61516638976389,115.27158383617098,-64.0,-17.08984375,3112.7928466796875,-1724.2430572509766,24.283199310302734,0.500000000003638,-59.334957122802734,-15.563961029052734,1823.425277709961,-915.5273132324219,8.414060592651367,0.6600000000180444,-52.0107421875
D81,97.0,1.0,20.0,3.4938430786132812,200.0,2.1222222222221117,0.46230391752577304,-12.08734130859375,812.409782409259,21.009095569929393,-75.0,-14.0380859375,4386.901718139648,-2082.8245391845703,35.269527435302734,0.38000000000010914,-59.640132904052734,-9.155275344848633,1457.2142486572266,-694.2748603820801,13.602048873901367,0.8200000000069849,-41.32958984375
D82,51.0,2.0,40.0,1.5149574279785156,240.0,1.162544169611298,0.4729780392156866,-20.7557373046875,340.65737666179837,79.00388312378642,-64.0,-16.174312591552734,1792.9076690673828,-854.4921417236328,14.517576217651367,0.8799999999991996,-55.0625,-3.662111282348633,1075.7446060180664,-419.6166687011719,7.498533248901367,1.2600000000020373,-47.1279296875
D83,58.0,3.0,60.0,3.95867919921875,520.0,1.1755050505050524,0.48696517241379267,-11.857048034667969,215.92778523592025,101.1569138404387,-64.0,-25.939939498901367,2243.041961669922,-1174.9266815185547,24.283199310302734,0.5999999999985448,-45.9072265625,-3.967283248901367,366.21092224121094,-221.25242137908936,-5.013672828674316,1.6000000000058208,-34.310546875
D84,71.0,3.0,60.0,-5.503349304199219,300.0,1.9951100244498998,0.47386535211267544,-24.57939910888672,241.98750995288987,43.30271999010094,-66.0,-11.90185546875,2525.3294677734375,-1220.7030563354492,15.127927780151367,0.6199999999989814,-59.945308685302734,-23.803709030151367,1037.5976028442383,-648.4985160827637,5.667478561401367,0.7800000000133878,-40.4140625
D85,37.0,2.0,40.0,-2.8141021728515625,360.0,2.3816568047337388,0.616245405405405,-14.4017333984375,213.78925959097683,64.7484220299756,-56.0,-14.0380859375,2723.6937103271484,-1174.9267196655273,16.958984375,0.680000000000291,-61.166011810302734,-9.155275344848633,778.1982307434082,-358.5815486907959,-4.403321266174316,1.1999999999970896,-44.076171875
D86,124.0,2.0,40.0,-0.7133827209472656,540.0,1.2698412698412767,0.48152274193548417,-13.404541015625,223.45021899568584,93.52553755180149,-64.0,-18.920894622802734,2830.5052642822266,-1525.8788299560547,22.75732421875,0.48000000000138243,-53.841796875,-5.79833984375,953.6742858886719,-450.13430404663086,-4.403321266174316,0.9800000000104774,-48.3486328125
D87,50.0,1.0,20.0,0.8934249877929688,320.0,1.9000000000000532,0.4839367999999995,-16.47418212890625,258.84821982449137,72.30302882510165,-67.0,-12.51220703125,3143.3104248046875,-1525.8789367675781,34.354000091552734,0.5999999999994543,-58.114253997802734,-19.531248092651367,1060.4858474731445,-518.7989273071289,9.329587936401367,1.0599999999976717,-43.4658203125
D88,91.0,2.0,40.0,-4.464473724365234,500.0,2.423220973782891,0.48152527472527495,-23.10747528076172,237.21894309467862,52.049659664097405,-66.0,-9.46044921875,3150.9398803710938,-1487.7319641113281,27.945308685302734,0.5799999999981083,-60.860836029052734,-2.44140625,503.54001235961914,-236.51123046875,-1.0463876724243164,1.4799999999813735,-33.39501953125
D89,56.0,4.0,80.0,-1.0679206848144531,300.0,1.3746268656716476,0.5014992857142855,-19.13239288330078,320.0118800557152,80.85655836975863,-59.0,-24.414058685302734,2243.0419311523438,-1144.4091491699219,17.26416015625,0.5799999999981083,-49.87451171875,-13.427730560302734,1716.6136932373047,-770.5688629150391,10.855466842651367,0.7200000000011642,-49.87451171875
D90,100.0,1.0,20.0,-2.69287109375,520.0,0.9150090415912858,0.48524540000000016,-17.02294921875,284.87925756389285,68.32681523140408,-71.0,-17.7001953125,3028.8695526123047,-1792.9077453613281,27.945308685302734,0.5,-60.250484466552734,-7.934566497802734,1602.1727447509766,-762.9394683837891,12.686521530151367,0.7599999999802094,-50.1796875
D92,32.0,1.0,20.0,1.0221023559570312,180.0,2.1309523809523867,0.4644231249999997,-10.36285400390625,669.6529388291183,53.33660862788028,-61.0,-10.3759765625,2891.5403594970703,-1152.0386123657227,40.457515716552734,0.8000000000010914,-59.029781341552734,-15.258790969848633,1167.2973022460938,-579.8339462280273,20.31591796875,1.0800000000017462,-40.4140625
D93,53.0,1.0,20.0,0.769287109375,320.0,3.2838541666666132,0.4894275471698113,-15.60296630859375,187.41703380060693,85.7206731852628,-63.0,-8.544921875,3578.1857299804688,-1640.3197631835938,38.016109466552734,0.5800000000008367,-59.334957122802734,-23.498533248901367,503.5399971008301,-595.0927352905273,-5.013672828674316,1.2799999999988358,-40.71923828125
D94,84.0,4.0,80.0,-2.7846717834472656,500.0,1.054545454545448,0.4799871428571425,-9.943473815917969,209.78263885185024,95.6399659301672,-64.0,-20.751949310302734,1808.1664276123047,-961.3037338256836,-0.1308603286743164,0.5999999999985448,-53.841796875,-10.070802688598633,1770.0194549560547,-877.3802947998047,20.0107421875,0.6799999999930151,-38.27783203125
D95,66.0,1.0,20.0,-1.182861328125,340.0,1.551546391752513,0.5045484848484847,-11.882499694824219,339.4633320385284,46.56193798637982,-68.0,-16.17431640625,3639.2210235595703,-2029.4187927246094,35.269527435302734,0.4600000000009459,-59.334957122802734,-11.901853561401367,1884.4603424072266,-953.6742858886719,19.400390625,0.6999999999970896,-46.21240234375
D96,7.0,5.0,100.0,2.1330642700195312,460.0,101.29411764706278,0.1681285714285714,-1.18719482421875,196.9562010314072,125.24986837433453,-79.0,-4.272457122802734,2601.623504638672,-686.6455993652344,31.912593841552734,1.0599999999976717,-55.36767578125,-7.01904296875,1380.9204406738281,-518.7989273071289,30.386714935302734,1.179999999993015,-38.27783203125
D98,4.0,6.0,120.0,-0.2991905212402344,580.0,64.676207513417,0.20260500000000015,-3.23974609375,135.35977337884026,219.12068177847743,-80.0,0.0,2975.4637908935547,-854.4921035766602,36.185054779052734,0.9599999999991269,-61.471187591552734,-3.35693359375,549.3163452148438,-312.8052234649658,6.277830123901367,1.5599999999976717,-42.85546875
M02,6.0,3.0,60.0,-2.8829383850097656,160.0,1.3547008547008523,0.058023333333333316,-3.386962890625,243.10885837934794,94.38244125834676,-60.0,-20.141597747802734,2365.112106323242,-1426.6966857910156,12.991697311401367,0.499999999996362,-55.36767578125,-17.395015716552734,2243.0419006347656,-1289.3675842285156,14.822751998901367,0.5400000000008731,-52.0107421875
M03,5.0,7.0,140.0,0.35089111328125,320.0,1.3679369250985376,0.03752399999999945,-9.269584655761719,233.84288475112345,98.63813596381371,-66.0,-21.05712890625,2464.294219970703,-1541.1376647949219,15.433103561401367,0.5,-56.283199310302734,-21.057126998901367,1617.431526184082,-1007.0800628662109,10.855466842651367,0.5999999999912689,-43.77099609375
M04,4.0,10.0,200.0,7.8886566162109375,480.0,62.402797202797295,0.2570350000000001,-1.91644287109375,215.63883106740923,112.63322857788816,-86.0,-5.798341751098633,2311.706527709961,-595.0928726196289,33.133296966552734,1.0599999999976717,-45.9072265625,-5.493162155151367,1396.1791763305664,-488.2811584472656,30.997066497802734,1.1999999999970896,-33.39501953125
M05,87.0,2.0,40.0,-1.56634521484375,540.0,1.1556503198294543,0.5028871264367814,-13.54339599609375,299.08573286721054,81.263726538999,-65.0,-20.751956939697266,3280.639678955078,-1991.27197265625,26.419429779052734,0.4400000000005093,-59.334957122802734,-15.869136810302734,1770.0195617675781,-816.3451690673828,8.414060592651367,0.6999999999825377,-50.48486328125
M08,19.0,4.0,80.0,10.118309020996094,580.0,7.54310344827629,0.3596757894736844,-1.8151473999023438,272.8516387923592,98.48122088794449,-91.0,-6.713863372802734,2834.320037841797,-892.6391754150391,30.386714935302734,0.7799999999988358,-53.53662109375,-11.291501998901367,919.3419723510742,-473.02244567871094,17.111572265625,1.0399999999790452,-32.937255859375
M09,102.0,5.0,100.0,-1.58642578125,480.0,3.1088082901554634,0.45244352941176436,-5.34698486328125,152.45310228888394,110.51658968009846,-69.0,-13.427730560302734,3173.8280181884766,-1884.4603271484375,20.31591796875,0.4000000000014552,-55.36767578125,-10.07080078125,1438.1407775878906,-804.9011077880859,-5.318848609924316,0.680000000007567,-56.893550872802734
M10,10.0,11.0,220.0,10.112525939941406,440.0,32.56441717791371,0.423994,-1.6602401733398438,260.2287292464334,121.65699649444443,-91.0,-0.457763671875,3253.936740875244,-1602.1727752685547,17.87451171875,0.3599999999933061,-49.111572265625,-3.814697742462158,2372.7415313720703,-1197.8150024414062,33.896236419677734,0.41999999998370185,-21.340576171875
M11,209.0,13.0,260.0,-1.941650390625,580.0,0.9277566539924262,0.49495712918660306,-4.693115234375,71.50979727826956,125.26577791124299,-72.0,-19.531246185302734,2609.252883911133,-2601.623504638672,5.057126998901367,0.2599999999802094,-55.97802734375,-10.986328125,2555.8471908569336,-2410.888641357422,1.7001953125,0.279999999969732,-63.912593841552734
M12,9.0,9.0,180.0,5.230987548828125,580.0,30.42987804878101,0.26080000000000014,-1.7847900390625,111.39410291205442,234.2587082920297,-77.0,-4.730220794677734,3170.0132598876953,-942.2302398681641,32.217769622802734,0.7200000000011642,-52.468505859375,-8.392333984375,1365.6615371704102,-545.5016174316406,19.09521484375,0.9800000000104774,-39.345947265625
M13,16.0,10.0,200.0,8.75799560546875,580.0,9.491304347826222,0.40183500000000016,-1.0291748046875,299.00146484222125,124.8491303512399,-86.0,-4.8828125,3017.4253692626953,-980.3771209716797,35.574703216552734,0.6999999999970896,-48.958984375,-8.697507858276367,976.5624237060547,-465.3930320739746,18.1796875,1.0799999999871943,-33.39501953125
M14,4.0,10.0,200.0,4.131687164306641,560.0,116.04347826087111,0.14749999999999996,-1.70977783203125,143.52454099784194,220.7500292513635,-84.0,-0.762939453125,3292.0835571289062,-1220.7031784057617,32.217769622802734,0.5999999999985448,-59.640132904052734,-5.798341751098633,2243.0419006347656,-923.1567764282227,30.539302825927734,0.6999999999825377,-42.397705078125
M15,106.0,6.0,120.0,-2.9941368103027344,320.0,0.9218436873747278,0.49726509433962285,-10.478424072265625,240.55667604160058,70.53520311471135,-67.0,-18.463130950927734,2914.4286041259766,-2227.7830963134766,19.400390625,0.3600000000005821,-53.53662109375,-12.817380905151367,1995.0865325927734,-1472.4730682373047,16.196044921875,0.4599999999918509,-44.6865234375
M16,159.0,7.0,140.0,-0.07815933227539062,540.0,0.8146067415730046,0.50990679245283,-11.411460876464844,144.03249600457232,65.84603198948466,-70.0,-16.326904296875,3433.2273712158203,-3005.9813079833984,25.198726654052734,0.27999999999883585,-57.961666107177734,-10.986324310302734,1972.1983489990234,-1655.5785522460938,12.533933639526367,0.4200000000128057,-49.721923828125
M17,26.0,6.0,120.0,-2.315807342529297,200.0,1.0724832214765085,0.7220599999999999,-1.371368408203125,65.39256368160706,190.4192585589334,-60.0,-12.20703125,3398.8952865600586,-2517.7001037597656,19.247802734375,0.31999999999970896,-59.640132904052734,-12.664794921875,3238.677993774414,-2326.9651489257812,16.501220703125,0.3000000000029104,-58.572017669677734
M18,137.0,2.0,40.0,-4.061458587646484,580.0,3.069930069929905,0.4518954744525545,-14.135498046875,131.1069473549068,89.09738082679063,-69.0,-10.3759765625,3887.1764373779297,-2685.546859741211,26.419429779052734,0.3000000000010914,-59.487545013427734,-8.544918060302734,2971.6491622924805,-1686.0960998535156,19.70556640625,0.4200000000128057,-53.384033203125
M19,6.0,14.0,280.0,7.121467590332031,540.0,3.3575989782886224,0.3781766666666666,-0.789703369140625,79.22802774328841,283.7929761265402,-91.0,-5.79833984375,3231.0485229492188,-1087.1887588500977,27.182369232177734,0.6600000000180444,-59.334957122802734,-3.35693359375,2094.2687225341797,-770.5687866210938,14.975339889526367,0.8200000000069849,-60.250484466552734
M21,11.0,5.0,100.0,3.17681884765625,360.0,14.050000000000063,0.39324545454545445,-5.523895263671875,245.14385229609584,109.44868894361699,-74.0,-7.629390716552734,2315.521209716797,-808.7158279418945,31.607418060302734,0.9000000000014552,-51.247802734375,-7.171630859375,492.0959243774414,-347.1374454498291,5.514890670776367,1.4400000000023283,-39.040771484375
M22,63.0,6.0,120.0,-2.6566810607910156,420.0,1.567779960707233,0.48098031746031733,-10.4183349609375,130.60688217028076,141.88725074986928,-60.0,-24.871824264526367,2025.6041717529297,-1110.0768814086914,11.465818405151367,0.5400000000081491,-44.6865234375,-9.613039016723633,1522.0641784667969,-625.6103134155273,7.803709030151367,0.7400000000197906,-42.85546875
M23,7.0,11.0,220.0,9.153621673583984,540.0,27.358118361152876,0.318094285714285,-1.884124755859375,116.72648125759733,155.76812184546338,-85.0,-7.171627044677734,3253.9365997314453,-946.0448455810547,36.337642669677734,0.7600000000020373,-52.62109375,-10.3759765625,1388.549789428711,-602.7221717834473,24.893550872802734,0.9400000000314321,-36.599365234375
M24,197.0,6.0,120.0,-3.3348121643066406,520.0,0.977443609022493,0.5004867005076146,-7.493316650390625,135.0345244755584,74.60378739219935,-74.0,-19.378658294677734,2735.1377716064453,-2555.8469848632812,15.890867233276367,0.3000000000029104,-53.994384765625,-9.765621185302734,1998.9013061523438,-1716.6137237548828,6.583005905151367,0.40000000002328306,-54.75732421875
M26,123.0,2.0,40.0,-4.400398254394531,440.0,0.7741935483870982,0.5170074796747972,-17.6058349609375,162.05770652428154,99.38973592036872,-67.0,-25.024410247802734,3074.645950317383,-2548.2176513671875,20.92626953125,0.31999999999970896,-54.75732421875,-11.291500091552734,2723.6937103271484,-1899.7191162109375,18.1796875,0.40000000000873115,-54.14697265625
M27,193.0,0.0,0.0,-5.2578125,420.0,1.7901234567902504,0.47594756476683964,-8.6925048828125,144.52308192211038,136.12078960884958,-76.0,-11.291507720947266,3768.9207153320312,-2632.140899658203,20.92626953125,0.3599999999996726,-73.06787109375,-6.40869140625,1861.5721435546875,-1167.2973022460938,-3.4877939224243164,0.5800000000017462,-70.01611328125
M28,111.0,5.0,100.0,0.04510498046875,460.0,1.0048076923076703,0.5077445045045041,-8.1439208984375,120.91225866958483,85.64652886667598,-64.0,-17.39501953125,4089.3551635742188,-2510.0706634521484,37.710933685302734,0.3400000000001455,-58.419429779052734,-8.850093841552734,2456.6649627685547,-1281.7381973266602,17.5693359375,0.5,-54.75732421875
M29,211.0,3.0,60.0,0.14678955078125,580.0,0.8078291814946659,0.5055004739336497,-7.7337646484375,202.76463361765153,70.52621021443296,-61.0,-19.226070404052734,3395.0804290771484,-3036.4988861083984,29.166011810302734,0.2999999999992724,-55.0625,-9.765626907348633,2197.265625,-1632.6903839111328,27.945308685302734,0.4599999999918509,-43.4658203125
M30,59.0,4.0,80.0,0.40771484375,400.0,4.540650406503878,0.4232566101694908,-6.73822021484375,174.82213879158604,79.79330689567328,-65.0,-4.577632904052734,3311.1570434570312,-1411.4378356933594,34.659175872802734,0.5400000000008731,-54.4521484375,0.0,1136.7797393798828,-335.69333839416504,9.329587936401367,1.2399999999906868,-42.2451171875
M32,230.0,3.0,60.0,2.5844764709472656,560.0,0.9333333333332938,0.505228869565217,-8.79296875,191.156714990549,86.61452730960227,-60.0,-22.277828216552734,2685.5467376708984,-2128.6009979248047,18.1796875,0.33999999999650754,-50.1796875,-10.3759765625,1594.5433654785156,-1121.5209350585938,-0.1308603286743164,0.5599999999976717,-59.945308685302734
M33,88.0,3.0,60.0,-17.582218170166016,560.0,2.421686746988059,0.45874068181818206,-1.8525924682617188,123.1337500978125,39.87520481257621,-74.0,-13.12255859375,3479.0038146972656,-1121.5210571289062,31.302242279052734,0.6400000000030559,-56.893550872802734,-0.30517578125,1876.8309478759766,-503.54000091552734,18.1796875,1.1199999999953434,-52.62109375
M34,124.0,6.0,120.0,-0.32171630859375,560.0,1.052884615384586,0.49335193548387046,-4.33599853515625,105.35529186655934,85.41870362492871,-72.0,-20.446773529052734,2723.6937103271484,-2090.4540405273438,18.1796875,0.319999999996071,-48.958984375,-10.070802688598633,1831.0545654296875,-1289.3676452636719,9.939939498901367,0.4400000000023283,-44.99169921875
M35,130.0,1.0,20.0,2.81671142578125,360.0,1.0084985835693978,0.5170558461538461,-5.800178527832031,313.0721367789864,31.12370925409847,-66.0,-19.53125,3715.514877319336,-1968.3836364746094,35.269527435302734,0.4600000000009459,-59.334957122802734,-15.869136810302734,1121.5209426879883,-488.28124237060547,2.00537109375,1.0200000000040745,-49.87451171875
M36,88.0,4.0,80.0,-2.0637893676757812,460.0,3.4270270270272056,0.4737129545454546,-12.78582763671875,74.78362735458595,84.94354553772092,-66.0,-0.91552734375,4089.355194091797,-1869.20166015625,28.250484466552734,0.42000000000189175,-63.912593841552734,-1.220703125,1983.6425323486328,-747.6806831359863,10.245115280151367,0.7400000000052387,-54.4521484375
M37,116.0,2.0,40.0,2.7991905212402344,220.0,2.4170616113742875,0.4602374137931031,-12.7340087890625,293.18920530646426,36.938292646703964,-66.0,-6.7138671875,3074.6458282470703,-2136.23046875,30.386714935302734,0.4600000000009459,-61.471187591552734,-14.038084030151367,877.3803634643555,-587.4633827209473,7.193357467651367,0.9800000000032014,-45.296875
M38,73.0,3.0,60.0,0.6052818298339844,260.0,2.7463235294116592,0.4522830136986302,-4.1685791015625,184.41252448164158,58.382873351648385,-59.0,-2.74658203125,2731.3232421875,-1152.0386123657227,24.893550872802734,0.6199999999989814,-56.588375091552734,0.0,663.7573165893555,-320.4345645904541,-1.9619150161743164,1.3800000000046566,-47.1279296875
M39,12.0,6.0,120.0,8.150821685791016,360.0,1.4231805929919212,0.05138833333333359,-3.4339599609375,146.96735801091498,97.29340097714562,-58.0,-9.1552734375,3227.2338104248047,-2052.3070373535156,20.62109375,0.38000000000101863,-61.776363372802734,-7.934566497802734,1258.8500137329102,-747.6806182861328,-1.9619150161743164,0.6399999999994179,-51.09521484375
M40,49.0,2.0,40.0,0.6323204040527344,320.0,2.2808219178082307,0.4153493877551018,-5.809196472167969,107.66969613666954,100.08163012746427,-58.0,-4.2724609375,3326.415817260742,-1441.9555969238281,32.522945404052734,0.5400000000008731,-57.809078216552734,-2.13623046875,1647.949104309082,-663.757251739502,13.602048873901367,0.8800000000046566,-52.0107421875
M41,50.0,2.0,40.0,-2.2027626037597656,140.0,0.004926108374361606,0.46701640000000033,-5.0048828125,235.6251556725734,58.985486067915005,-61.0,-9.46044921875,2983.0931854248047,-1296.9970169067383,23.6728515625,0.5600000000013097,-56.588375091552734,-8.850099563598633,640.869140625,-335.69332695007324,-5.624024391174316,1.2200000000011642,-43.77099609375
M42,86.0,2.0,40.0,4.926334381103516,100.0,1.288759689922476,0.48900116279069783,-6.35052490234375,539.2823982228721,45.4911156785539,-56.0,-18.920894622802734,2082.8246307373047,-1365.6615905761719,4.751951217651367,0.4600000000009459,-53.841796875,-15.258790969848633,610.3515396118164,-495.91064834594727,-5.318848609924316,0.8600000000005821,-38.27783203125
M43,74.0,9.0,180.0,-4.156810760498047,240.0,0.8120893561104021,0.5127532432432429,-9.65283203125,218.5101477288046,67.1962098336563,-67.0,-17.700191497802734,2388.0003356933594,-1655.5785217285156,15.433103561401367,0.41999999999825377,-51.09521484375,-21.972654342651367,1548.7670135498047,-1129.1503372192383,7.803709030151367,0.5400000000081491,-45.296875
M44,73.0,3.0,60.0,-0.8662757873535156,460.0,3.9589041095888757,0.4444630136986305,-3.86932373046875,108.87891987703624,68.23214331374268,-70.0,-5.187984466552734,3608.7034759521484,-1792.9076538085938,30.997066497802734,0.4399999999986903,-55.6728515625,-5.187990188598633,1960.7542572021484,-740.0512237548828,17.87451171875,0.7200000000011642,-44.38134765625
M45,3.0,19.0,380.0,7.705821990966797,520.0,0.9589853609288241,0.5073599999999998,-3.35107421875,101.5070911949888,148.8993540466245,-85.0,-2.746583938598633,3410.339126586914,-915.5272674560547,44.729976654052734,0.8000000000029104,-47.43310546875,-6.103515625,2479.5530395507812,-793.4569435119629,39.847164154052734,0.8400000000256114,-38.88818359375
M46,80.0,4.0,80.0,-4.554988861083984,200.0,1.2465034965034738,0.47739774999999973,-15.41680908203125,185.99320844992906,57.24367288135152,-65.0,-14.648433685302734,2876.2815551757812,-1449.5848693847656,18.48486328125,0.4400000000023283,-53.2314453125,-7.324220657348633,1586.9139862060547,-648.4985618591309,9.939939498901367,0.7200000000011642,-42.2451171875
M47,113.0,3.0,60.0,-5.514961242675781,420.0,2.8813559322033684,0.46062654867256647,-21.07604217529297,131.68950761878085,42.349325501103024,-68.0,-7.62939453125,3776.5501403808594,-2029.4189453125,27.029781341552734,0.3599999999969441,-56.893550872802734,-3.6621055603027344,3303.5276794433594,-1060.4858779907227,26.724605560302734,0.6199999999953434,-53.53662109375
M49,54.0,4.0,80.0,0.94818115234375,320.0,1.6294536817103025,0.31062925925925944,-6.807365417480469,185.75700701911623,58.2728139541437,-71.0,-15.869140625,2639.7703247070312,-1495.3612518310547,12.686521530151367,0.4399999999986903,-56.588375091552734,-11.291505813598633,785.8275985717773,-495.9106330871582,-5.929200172424316,0.8800000000192085,-42.85546875
M50,235.0,4.0,80.0,2.4215660095214844,480.0,1.3227848101264204,0.5079631489361702,-8.3985595703125,224.56616219850977,39.94352909018294,-66.0,-16.78466796875,2861.022819519043,-2662.658462524414,12.381345748901367,0.2999999999956344,-57.503902435302734,-12.20703125,2189.6361236572266,-1747.131332397461,9.939939498901367,0.41999999999825377,-57.503902435302734
M51,9.0,4.0,80.0,-1.6709556579589844,260.0,2.038167938931208,0.02973333333333361,-10.442436218261719,237.89317040050116,47.54399035012,-65.0,-19.53125,2822.8758239746094,-2822.875778198242,12.381345748901367,0.2800000000024738,-56.588375091552734,-18.615718841552734,2243.041778564453,-2227.7830657958984,7.803709030151367,0.319999999992433,-52.62109375
M52,224.0,2.0,40.0,-0.00677490234375,460.0,0.7500000000000555,0.5036107142857138,-3.7731857299804688,173.84488652845042,67.79631195177207,-76.0,-19.226078033447266,3128.0516204833984,-2777.0994567871094,4.446775436401367,0.28000000000065484,-70.01611328125,-7.324222564697266,2532.9589767456055,-2098.08349609375,-1.3515634536743164,0.3800000000046566,-72.7626953125
M53,24.0,6.0,120.0,-0.0478515625,240.0,3.104225352112735,0.4135483333333334,-4.574951171875,157.47090852993796,62.94643327805107,-75.0,-6.103511810302734,2754.2113189697266,-1518.2494812011719,19.400390625,0.46000000000276486,-55.6728515625,-13.732912063598633,930.7861099243164,-534.0576095581055,1.7001953125,0.819999999999709,-37.66748046875
M54,65.0,3.0,60.0,-0.3524169921875,260.0,2.2092050209205816,0.5196126153846152,-7.8248291015625,298.152858187643,53.66779359084274,-77.0,-7.9345703125,3326.4159088134766,-1449.5849151611328,14.517576217651367,0.5200000000004366,-69.1005859375,-7.32421875,1602.1727447509766,-633.2397651672363,-0.4360361099243164,0.9000000000087311,-62.081539154052734
M55,75.0,4.0,80.0,0.5326499938964844,540.0,4.575268817204377,0.44404293333333333,-9.483818054199219,213.26629340318198,79.66802559811426,-67.0,-7.019039154052734,2128.6009826660156,-770.5688133239746,8.108884811401367,0.7200000000011642,-52.31591796875,-0.91552734375,1075.7445907592773,-320.4345245361328,12.076169967651367,1.2400000000197906,-34.00537109375
M56,87.0,9.0,180.0,1.93487548828125,480.0,0.8962108731466382,0.5001216091954022,-8.9222412109375,97.48981609482243,103.72869028174271,-58.0,-20.751949310302734,2891.540542602539,-1922.6073760986328,23.6728515625,0.3800000000046566,-48.04345703125,-9.460451126098633,2296.4476623535156,-1441.9554748535156,18.1796875,0.4400000000168802,-46.21240234375
M57,146.0,9.0,180.0,-3.0826416015625,520.0,1.5000000000000437,0.46467657534246554,-4.54742431640625,72.19195960049865,100.43797622644466,-81.0,-11.596675872802734,3204.3455963134766,-2716.0643920898438,23.97802734375,0.2599999999947613,-48.04345703125,-9.155275344848633,2914.4285583496094,-2471.923812866211,27.029781341552734,0.3000000000174623,-44.38134765625
M58,160.0,8.0,160.0,-0.59393310546875,440.0,1.3674242424242138,0.477131875,-6.571037292480469,147.33544339004467,81.77851120199476,-68.0,-20.751951217651367,2105.7128295898438,-1785.278305053711,9.939939498901367,0.3600000000005821,-46.82275390625,-15.563961029052734,1663.208023071289,-1358.0321426391602,3.22607421875,0.4400000000023283,-50.48486328125
M59,91.0,10.0,200.0,-3.9491004943847656,420.0,0.9009584664536662,0.4997918681318678,-9.963798522949219,168.06255611891402,94.32304220080886,-59.0,-28.076169967651367,2151.4890747070312,-1541.1376190185547,16.04345703125,0.41999999999825377,-43.4658203125,-17.395017623901367,2403.2592010498047,-1441.9554748535156,21.2314453125,0.4400000000023283,-45.9072265625
M60,65.0,10.0,200.0,3.3762855529785156,240.0,1.122388059701463,0.49832676923076935,-10.0166015625,213.83345923531067,76.92527942738059,-62.0,-15.869136810302734,2365.1121215820312,-1693.7254943847656,11.160642623901367,0.3600000000005821,-48.04345703125,-11.291505813598633,961.3036842346191,-732.4218482971191,-2.5722665786743164,0.6200000000026193,-40.71923828125
M61,85.0,4.0,80.0,0.09296035766601562,520.0,2.84285714285717,0.456186823529412,-10.12139892578125,165.14579332609713,72.55634081618989,-70.0,-8.239742279052734,2868.652145385742,-1106.2621307373047,20.92626953125,0.5600000000013097,-52.0107421875,-0.30517578125,1113.8915786743164,-366.2109146118164,6.277830123901367,1.2199999999720603,-45.296875
M62,52.0,5.0,100.0,-0.4049110412597656,240.0,2.459999999999961,0.4636926923076925,-8.223442077636719,229.96654828221497,53.42961757527337,-62.0,-7.62939453125,2784.7288513183594,-1441.9554595947266,14.517576217651367,0.46000000000276486,-56.283199310302734,-14.648439407348633,1541.1376190185547,-885.0097351074219,13.907224655151367,0.6199999999953434,-38.5830078125
M63,83.0,4.0,80.0,-6.990913391113281,440.0,3.764705882352829,0.4467530120481924,-13.61968994140625,103.72148781296475,74.77929367773929,-67.0,-9.765625,3211.975067138672,-1670.8372802734375,19.09521484375,0.42000000000189175,-56.893550872802734,-4.57763671875,2479.5530548095703,-938.4154586791992,19.70556640625,0.680000000007567,-51.09521484375
M64,63.0,7.0,140.0,-0.6266593933105469,360.0,4.406143344710075,0.4090984126984125,-9.0343017578125,132.4043777991848,98.39434088314515,-64.0,-3.96728515625,3761.291213989258,-2151.4891967773438,30.691890716552734,0.37999999999738066,-57.198726654052734,-10.986330032348633,1571.6551818847656,-816.3451805114746,14.517576217651367,0.6399999999994179,-38.5830078125
M65,38.0,2.0,40.0,0.5734825134277344,220.0,2.3574007220216853,0.3685226315789474,-3.00146484375,198.7794691126137,75.56245310375846,-75.0,-12.8173828125,3067.016555786133,-2227.783203125,25.198726654052734,0.37999999999919964,-57.503902435302734,-14.038082122802734,1327.5145797729492,-1098.6327590942383,4.446775436401367,0.6200000000026193,-53.2314453125
M66,39.0,5.0,100.0,-1.0316276550292969,280.0,3.0821596244131637,0.3907282051282053,-6.646842956542969,160.7390195654853,94.99829137094673,-57.0,-13.122554779052734,1609.8021697998047,-610.3515205383301,-0.1308603286743164,0.8399999999965075,-52.92626953125,-5.798336029052734,1190.1854705810547,-434.8754463195801,-3.1826181411743164,1.1000000000058208,-52.0107421875
M67,60.0,2.0,40.0,-2.9819869995117188,260.0,2.857575757575895,0.4184706666666673,-3.73828125,214.05045509166908,111.40448804794966,-78.0,-11.29150390625,3753.6618041992188,-2059.9364013671875,18.1796875,0.38000000000101863,-67.8798828125,-9.1552734375,2433.776626586914,-1136.77978515625,9.939939498901367,0.5800000000017462,-61.471187591552734
M68,46.0,4.0,80.0,-0.412841796875,460.0,2.0477759472816968,0.4657021739130429,-17.35735321044922,179.25280013719026,87.4174877780168,-80.0,-11.29150390625,3265.3807983398438,-1136.7797241210938,17.87451171875,0.5800000000017462,-62.691890716552734,-4.8828125,2624.5115356445312,-816.3451385498047,13.296873092651367,0.7199999999866122,-59.334957122802734
M69,123.0,6.0,120.0,1.7866249084472656,420.0,1.6679104477611746,0.48476666666666635,-9.528312683105469,95.26587168178268,104.38003799781963,-78.0,-14.038082122802734,3807.067611694336,-2243.0419006347656,32.828121185302734,0.3599999999933061,-53.2314453125,-15.563961029052734,2609.252899169922,-1327.514633178711,20.0107421875,0.47999999999592546,-49.26416015625
M70,81.0,2.0,40.0,-3.04840087890625,360.0,3.5312499999997398,0.46617259259259214,-3.2559814453125,182.67457961857846,50.751082879945365,-87.0,-6.103515625,3425.598129272461,-1419.0673751831055,21.841796875,0.500000000001819,-64.828125,-0.6103515625,2296.4475860595703,-717.1630096435547,9.024412155151367,0.8000000000029104,-65.13330078125
M71,14.0,5.0,100.0,1.167724609375,200.0,1.0000000000000415,0.4972185714285713,-10.6607666015625,251.8725600912085,67.89357271494424,-68.0,-13.427734375,3196.716278076172,-2044.6776733398438,20.31591796875,0.38000000000101863,-59.029781341552734,-8.850093841552734,2243.0419006347656,-1258.8500366210938,12.076169967651367,0.500000000007276,-53.2314453125
M72,49.0,4.0,80.0,-4.612190246582031,380.0,6.802259887006216,0.4426636734693874,-13.75518798828125,140.60748969928105,43.79091676832091,-70.0,-2.7465782165527344,3105.1634674072266,-1190.185531616211,18.48486328125,0.5200000000040745,-54.75732421875,-0.30517578125,2433.7766876220703,-572.2044982910156,19.400390625,0.8999999999941792,-44.38134765625
M73,48.0,6.0,120.0,0.35985565185546875,240.0,1.0755905511811448,0.3318416666666666,-10.25653076171875,153.03045834625877,95.70563577678574,-69.0,-17.700191497802734,3387.4510650634766,-2159.1185913085938,24.283199310302734,0.33999999999286956,-55.0625,-12.207027435302734,2777.0994873046875,-1625.0609588623047,21.2314453125,0.39999999999417923,-50.48486328125
